<?xml version="1.0" encoding="utf-8"?>
<productAdditionalComps>
   <dependsOn>
      <component>
         <name>agata</name>
         <locale/>
         <platformList>
            <platform>maci64</platform>
         </platformList>
         <version>2.1.1</version>
      </component>
   </dependsOn>
   <isControllingProduct>true</isControllingProduct>
   <platform>maci64</platform>
   <productName>agata</productName>
   <productNumber>5000</productNumber>
   <productBaseCode>agata</productBaseCode>
   <productVersion>2.1.1</productVersion>
   <releaseFamily>R2019b</releaseFamily>
   <releaseDescription>R2019b</releaseDescription>
</productAdditionalComps>